{
  "playerPosition": {
    "x": -0.35483256,
    "y": -3.0425508,
    "normalized": {
      "x": -0.115838282,
      "y": -0.9932681,
      "magnitude": 1.0,
      "sqrMagnitude": 1.0
    },
    "magnitude": 3.06317186,
    "sqrMagnitude": 9.383021
  }
}